<?xml version="1.0" encoding="UTF-8"?>
<project-private xmlns="http://www.netbeans.org/ns/project-private/1">
    <editor-bookmarks xmlns="http://www.netbeans.org/ns/editor-bookmarks/2" lastBookmarkId="0"/>
    <open-files xmlns="http://www.netbeans.org/ns/projectui-open-files/2">
        <group>
            <file>file:/C:/Users/tuxis/Documents/ad/AD/practica3/practica3WSServlet/web/listImg.jsp</file>
            <file>file:/C:/Users/tuxis/Documents/ad/AD/practica3/practica3WSServlet/src/java/servicio/registrarImagen.java</file>
            <file>file:/C:/Users/tuxis/Documents/ad/AD/practica3/practica3WSServlet/web/WEB-INF/web.xml</file>
            <file>file:/C:/Users/tuxis/Documents/ad/AD/practica3/practica3WSServlet/src/java/servicio/login.java</file>
            <file>file:/C:/Users/tuxis/Documents/ad/AD/practica3/practica3WSServlet/web/menu.jsp</file>
            <file>file:/C:/Users/tuxis/Documents/ad/AD/practica3/practica3WSServlet/src/java/servicio/buscarImagen.java</file>
            <file>file:/C:/Users/tuxis/Documents/ad/AD/practica3/practica3WSServlet/web/modificarImagen.jsp</file>
            <file>file:/C:/Users/tuxis/Documents/ad/AD/practica3/practica3WSServlet/web/WEB-INF/jax-ws-catalog.xml</file>
            <file>file:/C:/Users/tuxis/Documents/ad/AD/practica3/practica3WSServlet/web/buscarImagen.jsp</file>
        </group>
    </open-files>
</project-private>
